Id,title,source
1,israeli attacks intensify across gaza strip amid evacuation orders,Dawn
2,canada arrests fourth indian national in killing of sikh activist,Dawn
3,second night of auroras seen amid extreme solar storm,Dawn
4,adb links support with imf s clean chit,Dawn
5,govt hints at raising wheat purchase target,Dawn
6,kp governor cm gandapur exchange threats in acrid spat,Dawn
7,seven security personnel martyred in north waziristan,Dawn
8,opposition plans fresh campaign to protect constitution,Dawn
9,uae hits out at netanyahu for saying it may help run gaza,Dawn
10,formation of na standing panels still in limbo,Dawn
11,is pti ready to apologise for may th ,Dawn
12,what on earth does the government want from us ,Dawn
13,how israel s killer robots in gaza are redefining automated warfare ,Dawn
14,top news stories pakistan s lunar mission,Dawn
15,why are israel and its western allies on the edge over icc arrest warrants ,Dawn
16,may ,Dawn
17,top news stories modi aggression in kashmir,Dawn
18,americans are upset over us supporting violence against palestinians,Dawn
19,concerns that modi s rhetoric might incite further violence against indian muslims are increasing,Dawn
20,may the day karachi went berserk,Dawn
21,fifa s foul on pakistan football,Dawn
22,who can rock the hybrid boat ,Dawn
23,looming pension crisis cries out for corrective measures,Dawn
24,smokers corner khan and the generals,Dawn
25,editorial it is imperative for the state to reconsider its approach to human rights,Dawn
26,love knows no boundaries at karachi s edhi home nursery for special children,Dawn
27,sindh s riverine region in the crosshairs of militia violence,Dawn
28,how the insurgency in balochistan is evolving,Dawn
29,editorial tax reforms must go beyond milking the salaried classes and pensioners,Dawn
30,to draw or not to draw,Dawn
31,pakistan s moment of youth,Dawn
32,pakistan s icube qamar beams back first images from moon s orbit,Dawn
33,ruling coalition loses reserved seats in punjab,Dawn
34,pia staff forgets to put boy s body on plane,Dawn
35,downside risks for pakistan remain exceptionally high imf,Dawn
36,pakistan remain unbeaten in azlan shah cup as match with new zealand ends in tie,Dawn
37,who can rock the hybrid boat ,Dawn
38,insurgency and social change,Dawn
39,indian elections,Dawn
40,overflowing cups,Dawn
41,the lethal troika,Dawn
42,a turbulent ,Dawn
43,a moral victory,Dawn
44,hope after defeat,Dawn
45,,Dawn
46,the net metering dead end,Dawn
47,education emergency,Dawn
48,waiting to practise,Dawn
49,most hated country in the world,Dawn
50,farmers march,Dawn
51,crisis of empathy,Dawn
52,adb links support with imf s clean chit,Dawn
53,areas of cooperation with saudi arabia identified pm shehbaz,Dawn
54,imf endorses status quo in sbp s policy rate,Dawn
55,exports to europe fall despite gsp ,Dawn
56,psx scales new highs on economic optimism,Dawn
57,ccp issues warnings to beauty brands,Dawn
58,fifa s foul on pakistan football,Dawn
59,bednarek storms to m triumph in doha neeraj chopra falls short,Dawn
60,real madrid eagerly awaits mbappe after psg exit confirmed,Dawn
61,djokovic bottle strike overshadows rome open cruise past moutet,Dawn
62,sultan azlan shah cup pakistan fall as dead sport recaptures audience once again,Dawn
63, england great anderson will make last test appearance in west indies clash,Dawn
64,second night of auroras seen amid extreme solar storm,Dawn
65,canada arrests fourth indian national in killing of sikh activist,Dawn
66,israel orders palestinians to evacuate from more areas of rafah,Dawn
67,uae hits out at netanyahu for saying it may help run gaza,Dawn
68,washington says use of its weapons by tel aviv in gaza violated law,Dawn
69,delhi cm kejriwal exhorts indians to resist dictatorship ,Dawn
70,men must take the lead in standing up against sexual harassment says hamza ali abbasi,Dawn
71,we asked moms what they want for mother s day no it isn t kurtas and candles,Dawn
72,going loco for local jugnu s chief saab candle is the ultimate karachi kid nostalgia,Dawn
73,fistula and child marriages the two epidemics plaguing women in gilgit baltistan,Dawn
74, elections what s at stake for india s minorities ,Dawn
75,from screens to streets how gen z is disrupting the status quo and redefining activism,Dawn
76,art group employs brainwaves ai to recreate landscapes,Dawn
77,pakistan s icube qamar beams back first images from moon s orbit,Dawn
78,people with two copies of a risk gene have genetic form of alzheimer s say scientists,Dawn
79,fifa s foul on pakistan football,Dawn
80,essay we re ready for your close up now,Dawn
81,football girls kicking mountains,Dawn
82,style all about my mother,Dawn
83,soundscape and now ai music,Dawn
84,the grapevine,Dawn
85,packaging film sector on the rise,Dawn
86,tax reforms easier than expected,Dawn
87,wheat s tricky procurement,Dawn
88,echoes of love,Dawn
89,mailbox,Dawn
90,mother s day a letter to my mum,Dawn
91,challenges working mothers face in the corporate sector,Dawn
92,samiya mumtaz to act commercially felt like i was selling my soul to earn but i put myself out there ,Dawn
93,how digitisation can affect agri financing,Dawn
94,state grid anhui electric power research institute uses digital tools to prevent floods,Dawn
95, zambia china culture and tourism year kicks off in beijing,Dawn
96,onus on us to stop gaza conflict and grant palestine full un membership,Dawn
97,state grid anhui electric power research institute uses digital tools to prevent floods,Dawn
98, zambia china culture and tourism year kicks off in beijing,Dawn
99,onus on us to stop gaza conflict and grant palestine full un membership,Dawn
100,israel orders more evacuations as rafah fighting intensifies,Dawn
101,Israel orders more evacuations as Rafah fighting intensifies,BBC
102,Crack in US-Israel alliance for first time in decades,BBC
103,Switzerland's Nemo wins Eurovision as UK comes 18th,BBC
104,Thousands march in Georgia over foreign influence bill,BBC
105,Hundreds flee Ukraine border area after Russia attack,BBC
106,Hope for rare mountain chicken frog thanks to London-bred froglets,BBC
107,In pictures: Northern Lights dazzle around the world,BBC
108,Virginia university students walk out of graduation event,BBC
109,Thousands evacuated due to British Columbia wildfire,BBC
110,Man freed five days after South Africa building collapse,BBC
111,Dutch contestant disqualified from Eurovision,BBC
112,US says Israel may have breached international law using American weapons,BBC
113,Brazil floods drive thousands from their homes,BBC
114,Hundreds feared dead in Afghanistan flash flooding,BBC
115,UN assembly urges Palestine membership after vote,BBC
116,Israeli operation leaves Rafah's hospitals overwhelmed,BBC
117,Netanyahu vows Hamas Rafah defeat despite US arms threat,BBC
118,"Israel heads to Eurovision final, despite protests",BBC
119,Unrwa closes East Jerusalem compound after attacks,BBC
120,Biden to halt some arms supplies if Israel invades Rafah,BBC
121,Israeli police raid studio linked to Al Jazeera,BBC
122,Watch: Prince Harry plays sit-down volleyball,BBC
123,Djokovic dons a helmet after being hit by bottle,BBC
124,Ros Atkins on... How different countries protect children online,BBC
125,Trump's lawyers spar with Stormy Daniels in trial,BBC
126,'So smart': Meghan praises Harry during Nigeria visit,BBC
127,Doorcam captures tornado winds tearing down trees,BBC
128,Horse stranded on rooftop and airport floods in Brazil,BBC
129,Watch: US and allies sink mock enemy ship in military drill,BBC
130,BBC Verify looks at fake AI-generated Met Gala images,BBC
131,Images show devastating impact of Brazil floods,BBC
132,Gazans celebrate after Hamas says it accepts ceasefire,BBC
133,Rafah evacuation: 'Where will we go now?',BBC
134,Dashcam shows tornado obliterate Nebraska building,BBC
135,Surfers pay tribute to tourists found dead in Mexico,BBC
136,Rival Greek churches light skies in annual ‘rocket war’,BBC
137,Watch: Madonna free beach gig attracts 1.6m people,BBC
138,The moment pilot makes emergency landing on US beach,BBC
139,The man who took on the coal industry to save a forest - and won,BBC
140,The escaped dissident still pursued decades on by China,BBC
141,"Ghana, Nigeria and the quest for UK looted treasure",BBC
142,Chainsaw vandals hack at trees to get better Sydney harbour view,BBC
143,"Australia tries to stop a violence against women 'epidemic', starting with schools",BBC
144,"Red carpets, racing and flames: Photos of the week",BBC
145,Why Modi's party is not fighting elections in Kashmir,BBC
146,"Banning UK arms sales to Israel would strengthen Hamas, Lord Cameron says",BBC
147,'Extreme' protest groups face ban under proposal,BBC
148,Switzerland's Nemo wins Eurovision as UK comes 18th,BBC
149,Elphicke accused of lobbying over husband's sexual assault case,BBC
150,UK investigates Hamas claim British-Israeli hostage killed in Gaza,BBC
151,Why you probably missed the Northern Lights on Saturday,BBC
152,"TV stars gear up for Bafta Awards, with Happy Valley and Succession most nominated",BBC
153,Meghan opens up about her Nigerian heritage,BBC
154,UK records hottest day of the year so far,BBC
155,Boy drowns while swimming near popular picnic site,BBC
156,Murder arrests after two women die in house fire,BBC
157,"Good progress on M25 works, says highways agency",BBC
158,'Incredibly brave' officer shot in leg with crossbow,BBC
159,"Van driver charged over crash which killed boy, 7",BBC
160,Northern Lights stun UK in spectacular display,BBC
161,Women in 80s charged after Magna Carta targeted,BBC
162,Man killed in shooting in south London,BBC
163,Murder charge over stabbing of woman near bus stop,BBC
164,Harry plays sit-down volleyball on Nigeria visit,BBC
165,Watch: Prince Harry plays sit-down volleyball,BBC
166,Island fights back grey squirrel invasion,BBC
167,Ros Atkins on... How different countries protect children online,BBC
168,Watch: Northern Lights sparkle amid solar storm,BBC
169,"Kate is doing well, Prince William says",BBC
170,Composer breaks down BBC News theme on 25th anniversary,BBC
171,Olly Alexander: My Eurovision odds are at one per cent,BBC
172,Prince Harry tells BBC 'it’s great' to be back in UK,BBC
173,Watch: Prince William plays volleyball on Newquay beach,BBC
174,Watch: Smiling King Charles greets garden party guests,BBC
175,Waving Prince Harry arrives at Invictus anniversary service,BBC
176,Footage shows landslide at Shetland wind farm,BBC
177,Eurovision: What does the UK have to do to win?,BBC
178,"What lurks beneath: Treasures, wrecks and curios",BBC
179,The Papers: Defector MP and 'Strictly Come Darting',BBC
180,How Ghana got its looted gold back from the UK,BBC
181,Hope for rare mountain chicken frog thanks to London-bred froglets,BBC
182,"Kuenssberg: What could possibly go wrong for Keir Starmer? A lot, actually",BBC
183,'I'm stuck in my flat due to £4k service charge',BBC
184,I'm going to be crushed alive - police officer,BBC
185,Remembering the fishermen who never came home,BBC
186,"Misleading ads risking women's health, doctors say",BBC
187,Boy drowns near popular picnic site,BBC
188,Is social media worth paying for?,BBC
189,Shein suppliers still work 75-hour weeks - report,BBC
190,'I'm stuck in my flat due to £4k service charge',BBC
191,"'I got married on a Thursday and saved £3,000'",BBC
192,Who gets 15 hours of free childcare and how do I apply?,BBC
193,How crops are being disaster-proofed,BBC
194,Sunak says it'll take time for people to feel better,BBC
195,Post Office boss denies ‘covering tracks’,BBC
196,Faisal Islam: Economy is getting better but people may not notice,BBC
197,UK exits recession with fastest growth in two years,BBC
198,Lidl raises pay to match Aldi in battle for staff,BBC
199,Delays warning as M25 stretch closes for the weekend,BBC
200,Free wine hidden in small print claimed after three months,BBC
201,Bank of England boss weighs in on UK economy row,BBC
202,Bank 'optimistic' as it edges closer to summer cut,BBC
203,Apple apologises after piano crushing ad backlash,BBC
204,Rat remains found in bread sparks Japan recall and refunds,BBC
205,Train strikes: What routes are affected when?,BBC
206,Record levels of shoplifting show signs of falling,BBC
207,Post Office 'misled and deceived me' says key lawyer,BBC
208,Argentines strike against spending cuts,BBC
209,Boeing whistleblower says plane bodies had defects,BBC
210,Online used car retailer Cazoo close to collapse,BBC
211,'Keep your phone on 24 hours a day': Chinese PR boss apologises after backlash,BBC
212,Disney and Warner to bundle streaming services,BBC
213,EU moves to give profits from Russian assets to Ukraine,BBC
214,E-gate outage lessons 'must be learnt',BBC
215,The post-Brexit hard sell for British food in Asia,BBC
216,Will AI dream up the hit TV shows of the future?,BBC
217,How quantum physics could 'revolutionise everything',BBC
218,The rise of Sweden's super rich,BBC
219,'Garden floods show need to work with nature',BBC
220,How the computer games industry is embracing AI,BBC
221,The insect farmers turning to AI to help lower costs,BBC
222,Tatti Lashes: The school friends who built a beauty empire,BBC
223,Chinese women are teaming up with strangers to save money,BBC
224,How Chinese firms are using Mexico as a backdoor to the US,BBC
225,"Banning UK arms sales to Israel would strengthen Hamas, Lord Cameron says",BBC
226,Elphicke accused of lobbying over husband's sexual assault case,BBC
227,"Kuenssberg: What could possibly go wrong for Keir Starmer? A lot, actually",BBC
228,'Extreme' protest groups face ban under proposal,BBC
229,"Chris Mason: Sunak, Starmer and their small boats row",BBC
230,How foreign affairs could shape votes at home,BBC
231,Sunak says it'll take time for people feel better as UK exits recession,BBC
232,"Ticket tax needed to help music venues, MPs say",BBC
233,MPs given guide to spotting conspiracy theories,BBC
234,Swinney remains committed to gender reform bill,BBC
235,Tata won't change mind on job cuts - FM says,BBC
236,Faisal Islam: Economy is getting better but people may not notice,BBC
237,Elphicke apologises for comments on assault victims,BBC
238,Watchdog rejects MP's lobbying scandal complaint,BBC
239,Ban on sex offenders changing their name to go ahead,BBC
240,Backlash over plan to ban charged MPs from Commons,BBC
241,"Sunak to blame for Tory 'chaos', Houchen says",BBC
242,"Trump often misunderstood on Nato, says David Lammy",BBC
243,Labour wants law to protect interns from sex pests,BBC
244,Nadhim Zahawi to stand down as Tory MP at election,BBC
245,Swinney says no change in SNP's referendum strategy,BBC
246,Universities UK says protests may require action,BBC
247,Greens attack Kate Forbes at Swinney's first FMQs,BBC
248,Mixed reaction in Dover as town's MP joins Labour,BBC
249,Ex-England cricketer quits George Galloway's party,BBC
250,Man sent abusive emails to Biden and Starmer,BBC
251,Local election results in maps and charts,BBC
252,Kuenssberg: Are Tories resigned to electoral fate under Sunak?,BBC
253,Chris Mason: An evening of drama as Labour squeak West Midlands win,BBC
254,How Sadiq Khan won over London for the third time,BBC
255,Sir John Curtice: Do local election results point to a hung Parliament?,BBC
256,Seven takeaways from the local elections,BBC
257,Chris Mason: Bleak picture for Sunak as Tories take hit,BBC
258,Labour says it must rebuild trust with Muslim voters,BBC
259,Lib Dems take seats from Tories in target areas,BBC
260,Reform becoming real opposition to Labour - Tice,BBC
261,Green Party hails highest number of councillors,BBC
262,Natalie Elphicke: Sunak has failed on small boats,BBC
263,Sunak ultimately responsible for Tory chaos - Houchen,BBC
264,Watch: Elphicke apologises to ex-husband's victims,BBC
265,Starmer quizzes PM on two Tory MPs defecting to Labour,BBC
266,Starmer asks when Sunak will get 'hint' over Tory losses,BBC
267,SNP calls on Sunak to end arms sale to Israel,BBC
268,Defecting MP: Tories under Sunak broken many promises,BBC
269,Shapps on cyber attack: We can't rule out state involvement,BBC
270,Reeves says Lawson was right on National Insurance,BBC
271,PM declines to name China over armed forces payroll hack,BBC
272,Who won the mayoral elections... in 90 seconds,BBC
273,Braverman says she regrets backing Sunak for PM,BBC
274,Re-elected Mayor Burnham 'ready to fight harder' for Manchester,BBC
275,Liverpool region mayor tells government 'enough is enough',BBC
276,Chris Mason: A defection barely anyone saw coming,BBC
277,The inside story of Tory MP's defection to Labour,BBC
278,Natalie Elphicke: who is the new Labour MP?,BBC
279,What will Andy Street do next?,BBC
280,John Curtice: Can Swinney bring voters back into the SNP fold?,BBC
281,Election poll tracker: How do the parties compare?,BBC
282,When is the next general election?,BBC
283,Curtice: Conservatives remain in deep electoral trouble,BBC
284,What is the UK's plan to send asylum seekers to Rwanda?,BBC
285,Will John Swinney change the SNP’s fortunes?,BBC
286,Is the Rwanda policy driving migrants to Ireland?,BBC
287,A simple guide to the Angela Rayner house row,BBC
288,The councils selling the family silver to pay bills,BBC
289,Vaccine expert 'very worried' by whooping cough deaths,BBC
290,Test-at-home kit for cancer patients approved for use,BBC
291,Victims infected with Hep C after blood screening began,BBC
292,"I won't ignore cancer tests like mum did, says BBC presenter",BBC
293,Baby's hearing fully restored in gene therapy first,BBC
294,'World first' for double hand transplant patient,BBC
295,"Agency charging NHS nearly £2,000 for nurse shift",BBC
296,AstraZeneca to withdraw Covid vaccine,BBC
297,"We need to normalise death and dying, says carer",BBC
298,"Assisted dying debate terrifying for disabled, says Liz Carr",BBC
299,Antisemitism complaints by doctors surge,BBC
300,NHS problems leave new doctors without jobs,BBC
301,Ministers accept three-month deadline for blood scheme,BBC
302,First personalised jab for skin cancer in UK trial,BBC
303,How is the King's cancer treatment going?,BBC
304,"Chat room helps Destiny-Rae, 5, find a new kidney",BBC
305,Five surprisingly simple ways to optimise your diet,BBC
306,Are weight-loss injections the answer to obesity?,BBC
307,What is the law on assisted suicide and euthanasia?,BBC
308,What is pregabalin and why can it be dangerous?,BBC
309,What is the new vaping tax and when will it start?,BBC
310,Why are we so ill? The working-age health crisis,BBC
311,How much do junior doctors really get paid?,BBC
312,What is the infected blood scandal and how many people died?,BBC
313,Children used as 'guinea pigs' in clinical trials,BBC
314,Infected blood inquiry: Five things we have learned,BBC
315,How 175 British children were infected with HIV,BBC
316,'I'll keep fighting until everyone is compensated',BBC
317,Can health secretary name NHS trusts performing well?,BBC
318,"'I embrace my alopecia, but I’d love my old hair back’",BBC
319,Sunak reveals he fasts at beginning of the week,BBC
320,'There are loads of people that vape at school',BBC
321,UK Covid inquiry comes to Scotland… in 90 seconds,BBC
322,Everything you need to know about student loans,BBC
323,Pupils miss classes as school cyber attacks rise,BBC
324,New tool to show actual grades needed to go to uni,BBC
325,Universities UK says protests may require action,BBC
326,GCSEs start with final bit of post-Covid support,BBC
327,Thousands 'excited' for 'adventure without adults',BBC
328,Tech firms told to hide 'toxic' content from children,BBC
329,Your guide to this year's A-level exams and results day,BBC
330,How does the GCSE grading system work?,BBC
331,What dates are GCSE exams and when is results day 2024?,BBC
332,"How much does uni cost, and will I earn more if I go?",BBC
333,What are T-levels and what are the grades worth?,BBC
334,What are BTecs and how are they graded?,BBC
335,Teen drama turns tables on 'toxic parents',BBC
336,Inside a 'peaceful and proud' Gaza protest camp at a UK university,BBC
337,What do student protesters at US universities want?,BBC
338,'I had no friends because of school place delay',BBC
339,'I get overwhelmed by the noises and crowds of school',BBC
340,Who gets 15 hours of free childcare and how do I apply?,BBC
341,Northern Lights stun UK in spectacular display,BBC
342,Hope for rare mountain chicken frog thanks to London-bred froglets,BBC
343,The man who took on the coal industry to save a forest - and won,BBC
344,Island fights back grey squirrel invasion,BBC
345,Fight to save African penguin goes to law,BBC
346,Tunnel of love? Cautious adders get a helping hand,BBC
347,Mosquitoes found across Scotland as temperatures rise,BBC
348,Together in wonder: North America awed by total solar eclipse,BBC
349,Hottest February marks ninth new monthly record,BBC
350,UK quits treaty that lets oil firms sue government,BBC
351,Why firms are racing to produce green ammonia,BBC
352,World breaches 1.5C warming threshold for full year,BBC
353,The man on a mission to open up space to disability,BBC
354,European astronaut rookies make the grade,BBC
355,Preventing space contamination rises up the agenda,BBC
356,Nasa: 'New plan needed to return rocks from Mars',BBC
357,Peter Higgs - the man who changed our view of the Universe,BBC
358,White House wants Moon to have its own time zone,BBC
359,Is social media worth paying for?,BBC
360,Test-at-home kit for cancer patients approved for use,BBC
361,Apple apologises after piano crushing ad backlash,BBC
362,Disney and Warner to bundle streaming services,BBC
363,Can we really 'reset the internet' to make it safer for children?,BBC
364,'Keep your phone on 24 hours a day': Chinese PR boss apologises after backlash,BBC
365,Tech firms told to hide 'toxic' content from children,BBC
366,E-gates back online after delays at UK airports,BBC
367,FTX says it has billions more than owed to victims,BBC
368,US revokes licences for sales of chips to Huawei,BBC
369,Microsoft axes four game studios including Hi-Fi Rush developer,BBC
370,TikTok sues to block US law that could ban app,BBC
371,UK startup gets $1bn funding for self-driving car tech,BBC
372,Boeing crewed space launch postponed for safety check,BBC
373,From teenage cyber-thug to Europe’s most wanted,BBC
374,Acclaimed photographer cracks Instagram in his 80s,BBC
375,Instagram courts TikTok users with algorithm revamp,BBC
376,Have the wheels come off for Tesla?,BBC
377,Apple working to fix alarming iPhone issue,BBC
378,OnlyFans investigated over children accessing porn,BBC
379,Tesla staff say entire Supercharger team fired,BBC
380,Tens of millions secretly use WhatsApp despite bans,BBC
381,Binance crypto boss sentenced to 4 months in prison,BBC
382,Beijing tightens grip on China social media giants,BBC
383,Hacker jailed for blackmailing therapy patients,BBC
384,Meta faces EU probe over Russian disinformation,BBC
385,Bumble boss: What women in tech can learn from me,BBC
386,Tesla China rival BYD sees profits and sales fall,BBC
387,Tesla shares jump after reports of China deal,BBC
388,US probes Ford hands-free driving tech after crashes,BBC
389,New law aims to protect devices from hackers,BBC
390,Musk in China to discuss enabling Full Self Driving,BBC
391,Airline keeps mistaking 101-year-old woman for baby,BBC
392,Tesla Autopilot recall to be probed by US regulator,BBC
393,Ros Atkins on... How different countries protect children online,BBC
394,Protecting under-18s from harmful online content,BBC
395,Tech Life: The mammoth ivory problem,BBC
396,BBC Verify looks at fake AI-generated Met Gala images,BBC
397,Tech Life: TikTok world,BBC
398,How fraudsters are getting fake articles onto Facebook,BBC
399,Tech Life: Humanoid robots,BBC
400,Watch Ocado robots in action,BBC
401,Tech Life: Fixing undersea cables,BBC
402,Robot dog trains to walk on Moon in Oregon trials,BBC
403,Tech Life: Space Junk,BBC
404,Tech Life: Predicting the future of tech,BBC
405,Tech Life: Charging electric bikes and scooters,BBC
406,Neuralink patient seen playing chess using brain implant,BBC
407,Will AI dream up the hit TV shows of the future?,BBC
408,How the computer games industry is embracing AI,BBC
409,The insect farmers turning to AI to help lower costs,BBC
410,"After 20 years, what next for World of Warcraft?",BBC
411,How Chinese firms are using Mexico as a backdoor to the US,BBC
412,Can AI help solve Japan’s labour shortages?,BBC
413,Why a deluge of Chinese-made drugs is hard to curb,BBC
414,'AI helps me to make wine for younger drinkers',BBC
415,The challenge of upgrading iconic steel windows,BBC
416,Boom times for US green energy as federal cash flows in,BBC
417,The rise of magnets – from surgery to outer space,BBC
418,Tackling deepfakes 'has turned into an arms race',BBC
419,Could AI take the grind out of accountancy?,BBC
420,India in undersea race to mine world’s battery metal,BBC
421,'Journalists are feeding the AI hype machine',BBC
422,"Once India's most valuable start-up, Byju's is now fighting to survive",BBC
423,"'I'd heard the big, bad, scary conversation about AI'",BBC
424,Switzerland's Nemo wins Eurovision as UK comes 18th,BBC
425,Eurovision: What does the UK have to do to win?,BBC
426,In pictures: Top moments from Eurovision Song Contest 2024,BBC
427,"TV stars gear up for Bafta Awards, with Happy Valley and Succession most nominated",BBC
428,Co-op Live arena says opening can finally go ahead,BBC
429,"Ticket tax needed to help music venues, MPs say",BBC
430,Succession star Brian Cox: 'I've lost my anonymity',BBC
431,Woman says she will sue over Baby Reindeer character,BBC
432,Chaotic build-up to Eurovision as thousands protest,BBC
433,Dutch contestant disqualified from Eurovision,BBC
434,"Israel heads to Eurovision final, despite protests",BBC
435,National Gallery lends famous art for first time,BBC
436,Taylor Swift changes Eras tour setlist for Europe,BBC
437,Eurovision 2024 final: As it happened,BBC
438,'It's like Doctor Who directed by Bugs Bunny',BBC
439,Olly Alexander: 'I looked up my Eurovision odds',BBC
440,Hailey and Justin Bieber announce pregnancy,BBC
441,Tributes paid as former Steel Pulse drummer dies,BBC
442,Tiwa Savage: I always wanted to be an actor,BBC
443,Apple apologises after piano crushing ad backlash,BBC
444,Novelist and campaigner Dame Shirley Conran dies aged 91,BBC
445,Music venue's future secure after charity steps in,BBC
446,Spotify paid the UK music industry £750m last year,BBC
447,US indie-music giant Steve Albini dies at 61,BBC
448,Thousands in protest against Israel at Eurovision,BBC
449,Eurovision queen Loreen: 'I want to write a boring song',BBC
450,Meet the designer behind Bambie Thug's Eurovision look,BBC
451,"I want to change sexist Bollywood, says film-maker",BBC
452,Seven contentious moments from Europe’s fabulous singing show,BBC
453,What time is the Eurovision final and who is competing?,BBC
454,The feud between Drake and Kendrick Lamar explained,BBC
455,How The Killers' Mr Brightside got 'legendary status',BBC
456,Will AI dream up the hit TV shows of the future?,BBC
457,Teen drama turns tables on 'toxic parents',BBC
458,26 of the most eye-catching looks from the Met Gala,BBC
459,Eurovision 2024: Your guide to all 37 songs,BBC
460,"Assisted dying debate terrifying for disabled, says Liz Carr",BBC
461,Light show marks National Gallery's 200th year,BBC
462,Olly Alexander in 60 seconds,BBC
463,Composer breaks down BBC News theme on 25th anniversary,BBC
464,See the hip-hop bling on display in New York,BBC
465,Watch: Israel's Eden Golan responds as Eurovision protests rage,BBC
466,BBC Verify looks at fake AI-generated Met Gala images,BBC
467,Florals and two Zendayas at star-studded Met Gala,BBC
468,Breakin’ Convention comes to Sadler's Wells,BBC
469,Watch: 'I'm an Aussie girl...standing here in Hollywood',BBC
470,'Seagull Boy' teaches Olly Alexander how to do impression,BBC
471,Can you hear the hyenas and wild pigs in new David Bowie hit?,BBC
472,Hannah Waddingham calls out demanding paparazzi,BBC
473,Closing the generation gap with dance,BBC
474,"Ghana, Nigeria and the quest for UK looted treasure",BBC
475,Harry plays sit-down volleyball on Nigeria visit,BBC
476,Meghan opens up about her Nigerian heritage,BBC
477,Tiwa Savage: I always wanted to be an actor,BBC
478,South Africa's top court hears Zuma election challenge,BBC
479,Chad's military ruler wins presidential poll,BBC
480,"Blooms, balls and blunts: Africa's top shots",BBC
481,Nigeria's love-hate relationship with twins,BBC
482,"Cyril Ramaphosa - union leader, mine boss, president",BBC
483,Julius Malema - South Africa's radical agenda-setter,BBC
484,Serve's up as Prince Harry plays sit-down volleyball,BBC
485,"‘Seeing others like me, it gives me joy’",BBC
486,South Africa: Dozens still missing after building collapse,BBC
487,Binance Nigeria: What happens to your money?,BBC
488,'African countries can choose whom to partner up with',BBC
489,The escaped dissident still pursued decades on by China,BBC
490,Hundreds feared dead in Afghanistan flash flooding,BBC
491,The man who took on the coal industry to save a forest - and won,BBC
492,Why Modi's party is not fighting elections in Kashmir,BBC
493,"Australia tries to stop a violence against women 'epidemic', starting with schools",BBC
494,Attacks on players mar start of Malaysia soccer season,BBC
495,Rat remains found in bread sparks Japan recall and refunds,BBC
496,The post-Brexit hard sell for British food in Asia,BBC
497,Modi's $400bn welfare bet to win Indian elections,BBC
498,Former Fiji PM Frank Bainimarama jailed for a year,BBC
499,"I want to change sexist Bollywood, says film-maker",BBC
500,'Keep your phone on 24 hours a day': Chinese PR boss apologises after backlash,BBC
501,Malaysia offers trade partners 'orangutan diplomacy',BBC
502,Ohtani's ex-interpreter to plead guilty to fraud,BBC
503,Domestic tourism soars in China but foreigners stay away,BBC
504,Imran Khan's arrest left deep wounds still to heal,BBC
505,Modi's divisive campaign rhetoric raises questions,BBC
506,The political power couple who cannot afford to break up,BBC
507,North Korean weapons are killing Ukrainians. The implications are far bigger,BBC
508,From likes to votes: How influencers are changing Indian politics,BBC
509,"The quiet, feared strategist behind Modi’s rise",BBC
510,Switzerland's Nemo wins Eurovision as UK comes 18th,BBC
511,Hundreds flee Ukraine border area after Russia attack,BBC
512,Thousands march in Georgia over foreign influence bill,BBC
513,Dutch contestant disqualified from Eurovision,BBC
514,Seven dead after bus falls into river in St Petersburg,BBC
515,Protesters attempt to storm Germany's Tesla factory,BBC
516,Djokovic struck by water bottle at Italian Open,BBC
517,Mbappe announces he will leave Paris St-Germain,BBC
518,Ukraine says it repelled Russian bid to cross border,BBC
519,Spanish islands toughen curbs on party holidays,BBC
520,Zelensky fires head of bodyguard after failed plot,BBC
521,German politician attacked in library as violence spreads,BBC
522,In pictures: Top moments from Eurovision Song Contest 2024,BBC
523,Eurovision queen Loreen: 'I want to write a boring song',BBC
524,How we found Europe’s most wanted migrant-smuggler,BBC
525,Putin hails army 'heroes' and warns off West in WW2 parade,BBC
526,Why European elections matter and how they work,BBC
527,Going to the extreme: Inside Germany’s far right,BBC
528,China's Xi gets red-carpet welcome in Serbia,BBC
529,Djokovic dons a helmet after being hit by bottle,BBC
530,Police and protesters clash at Tesla's Berlin factory,BBC
531,Rival Greek churches light skies in annual ‘rocket war’,BBC
532,Russians flock to see captured Western tanks,BBC
533,Ukraine's 'Harry Potter castle' hit in deadly Russian strike,BBC
534,Watch: Sophie meets Zelensky on Kyiv visit,BBC
535,BBC returns to beach where five migrants died,BBC
536,Brazil floods drive thousands from their homes,BBC
537,Hope for rare mountain chicken frog thanks to London-bred froglets,BBC
538,Peru president’s brother held in corruption probe,BBC
539,Argentines strike against spending cuts,BBC
540,Panama Papers law firm founder Ramón Fonseca dies,BBC
541,"Man confessed to surfer deaths, Mexican court told",BBC
542,Horse stranded on rooftop and airport floods in Brazil,BBC
543,Venezuela may be first nation to lose all its glaciers,BBC
544,Convicted candidate's stand-in wins Panama presidency,BBC
545,Girlfriend shares murdered surfer's last voicemail,BBC
546,Surfer murders shock peaceful Mexico community,BBC
547,In pictures: Brazil floods,BBC
548,Cubans lured to Russian army by high pay and passports,BBC
549,'Canelo will be truly appreciated when he retires',BBC
550,"'I didn't bully him enough' – a death, regret and revolution",BBC
551,Horse stranded on rooftop and airport floods in Brazil,BBC
552,Watch: Mother of slain surfers says ‘shine brighter’ in their memory,BBC
553,Images show devastating impact of Brazil floods,BBC
554,Surfers pay tribute to tourists found dead in Mexico,BBC
555,Watch: Madonna free beach gig attracts 1.6m people,BBC
556,Bridge buckles and plunges into Brazil river,BBC
557,Israel orders more evacuations as Rafah fighting intensifies,BBC
558,Crack in US-Israel alliance for first time in decades,BBC
559,US says Israel may have breached international law using American weapons,BBC
560,UN assembly urges Palestine membership after vote,BBC
561,Netanyahu vows Hamas Rafah defeat despite US arms threat,BBC
562,Israeli operation leaves Rafah's hospitals overwhelmed,BBC
563,How we found Europe’s most wanted migrant-smuggler,BBC
564,"UN says 80,000 have fled Rafah as strikes intensify",BBC
565,"Israel heads to Eurovision final, despite protests",BBC
566,Saudi forces 'permitted to kill' for new eco-city,BBC
567,US bomb delay is biggest warning yet for Israel,BBC
568,Israeli police raid studio linked to Al Jazeera,BBC
569,Battle in east Rafah amid crossing reopening dispute,BBC
570,‘Sustainable calm’ proposal splits Israel and Hamas,BBC
571,"Half of Gaza water sites damaged or destroyed, BBC satellite data reveals",BBC
572,Stories of the hostages taken by Hamas from Israel,BBC
573,'My children cling to me as dogs raid graves near our shelter',BBC
574,Pro-Palestinian protests heap pressure on Biden from left and right,BBC
575,Alarm in Israel at reports of possible ICC legal action over Gaza,BBC
576,'Qatar targeted my brother on Grindr - I want him home’,BBC
577,Rafah evacuation: 'Where will we go now?',BBC
578,Watch: Inside Lebanon's ghost towns after Israeli strikes,BBC
579,Hostage's family: 'We will fight until you return',BBC
580,'Nobody will take my voice any more' - Israeli hostage,BBC
581,Former ICJ head explains court’s ruling on Gaza genocide case,BBC
582,US says Israel may have breached international law using American weapons,BBC
583,Virginia university students walk out of graduation event,BBC
584,"Tourists, history seekers and a puppet: Meet the Trump trial devotees",BBC
585,Steve Bannon may head to prison after appeal fails,BBC
586,In pictures: Northern Lights dazzle around the world,BBC
587,Where Stormy Daniels' testimony leaves the Trump trial,BBC
588,Thousands evacuated due to British Columbia wildfire,BBC
589,Confederate names restored for two Virginia schools,BBC
590,Toronto selected as home for the next WNBA franchise,BBC
591,Netanyahu vows Hamas Rafah defeat despite US arms threat,BBC
592,Taylor Swift changes Eras tour setlist for Europe,BBC
593,US airman shot and killed by police in Florida,BBC
594,Man pleads guilty to stealing Jackie Robinson statue,BBC
595,Two skiers dead and one rescued in Utah avalanche,BBC
596,See the hip-hop bling on display in New York,BBC
597,Watch: US and allies sink mock enemy ship in military drill,BBC
598,Fifty people rescued after tornado hits FedEx depot,BBC
599,Gaza protesters disrupt US university graduations,BBC
600,Bodycam shows jet ski rescue of man and dogs in flood,BBC
601,The moment pilot makes emergency landing on US beach,BBC
602,Chaos unfolds at Gaza UCLA protest,BBC
603,The feud between Drake and Kendrick Lamar explained,BBC
604,The downfall of Steve Bannon,BBC
605,26 of the most eye-catching looks from the Met Gala,BBC
606,Cohen could make or break Trump as he takes stand,BBC
607,'Student arrests will be my final college memory',BBC
608,'I'm stuck in my flat due to £4k service charge',BBC
609,Boy drowns near popular picnic site,BBC
610,'Good progress' on M25 works as motorway shut,BBC
611,War nurses who flew into WW2 battles celebrated,BBC
612,Lottery winner celebrates with Blackpool holiday,BBC
613,Teacher banned over inappropriate relationship,BBC
614,The treasures hidden along Britain's coasts,BBC
615,'Fleeing war gave me insight into treating trauma',BBC
616,Protest over houses being built on Roman remains,BBC
617,Woman makes history in gruelling desert challenge,BBC
618,One-eyed dog saved from being put down after op,BBC
619,The photographer capturing 'stranger portraits',BBC
620,'I was determined to live a life worth saving',BBC
621,Why would basket hangers need a safety course?,BBC
622,'The Invictus Games is just amazing',BBC
623,Was this the worst organised Eurovision ever?,BBC
624,Woman's sunburn warning after cancer eye loss,BBC
625,Rescued badger found trying to follow people home,BBC
626,Choir sings hymn over city from Cathedral top,BBC
627,Ed Sheeran and footballers celebrate promotion,BBC
628,"England's Gill, 17, breaks 45-year-old 800m record",BBC
629,"Anderson on retirement, the future & his send-off",BBC
630,'Moyes receives fitting send-off at end of West Ham era',BBC
631,I'm going to be crushed alive - police officer,BBC
632,Balmoral Show 2024: What you need to know,BBC
633,Irwin and Todd sparkle at 'vintage' North West 200,BBC
634,Winning gold a 'dream come true' for  anglers,BBC
635,Why you probably missed the Northern Lights on Saturday,BBC
636,All you need to know about the Ulster SFC final,BBC
637,Ireland sixth and UK 18th as Swiss win Eurovision,BBC
638,Friday's dazzling Northern Lights display,BBC
639,Lack of integrated post-primary school places 'frustrating',BBC
640,PSNI's journalist surveillance: The story so far,BBC
641,Meet the designer behind Bambie Thug's Eurovision look,BBC
642,McIlroy one shot behind after Wells Fargo third round,BBC
643,The young apprentices keeping ancient craft alive,BBC
644,'Landmark moment' as station shuts after 200 years,BBC
645,Northern Ireland weather forecast,BBC
646,Springsteen makes NI girl's first gig with hug,BBC
647,Eurovision: Before Bambie Thug came the Rock 'n' Roll Kids,BBC
648,Mother's fight for son's 'life-changing' surgery,BBC
649,Ferret detecting dog protecting Rathlin's puffins,BBC
650,Last train leaves from Belfast station,BBC
651,Watch: Cassidy reacts to NW200 crash,BBC
652,The moment a Springsteen fan's dreams came true,BBC
653,Rathlin's newest furry resident detecting ferrets,BBC
654,'The North West 200 is just special',BBC
655,Man assaulted breaking up fight in Derry,BBC
656,Shane Duffy charged with drink-driving after crash,BBC
657,Flood resident still waiting to get home,BBC
658,Foyle Cup funding refusal 'bewildering',BBC
659,Murder investigation after motorcyclist hit-and-run,BBC
660,Asylum seekers' tents back along Dublin canal,BBC
661,Irish centenarian receives call for jury duty,BBC
662,Amazon to launch dedicated website for Ireland next year,BBC
663,Man dies after County Monaghan crash,BBC
664,Bambie Thug: The witch casting a Eurovision spell,BBC
665,Remembering the fishermen who never came home,BBC
666,'We live in fear our roof is going to collapse',BBC
667,Scotland's papers: Housing crisis and AI diagnosis plan for NHS,BBC
668,'O'Riley's Celtic impact shows Rangers what they're missing',BBC
669,Human remains in woods confirmed as missing man,BBC
670,Sky watchers thrilled by Northern Lights across Scotland,BBC
671,Police name woman killed after two-vehicle A9 crash,BBC
672,Your pictures of Scotland,BBC
673,Detectives launch murder probe after injured man found in flat,BBC
674,Extreme wildfire warning issued after Highland blaze,BBC
675,Where did McDonald's rule out for second Dumfries site?,BBC
676,I learned to ride a bike again age 72 - after 55 years,BBC
677,'Mad cow disease' case found on farm in Scotland,BBC
678,Scotland's papers: Swinney child poverty vow and art school inquiry,BBC
679,Swinney remains committed to gender reform bill,BBC
680,School of Art rebuild delayed due to insurance row,BBC
681,Woman says she will sue over Baby Reindeer character,BBC
682,Nun and carer who abused children have sentences cut,BBC
683,"Police pay out £431,000 in sex assault and bullying case",BBC
684,WWE fans slam 'extortionate' prices for Scottish clash,BBC
685,Crumbling historic mansion saved by  £5m funding award,BBC
686,Police custody death 'might have been avoided',BBC
687,Mosquitoes found across Scotland as temperatures rise,BBC
688,Man in court charged with murder after street death,BBC
689,Curtice: Can Swinney bring voters back into the SNP fold?,BBC
690,At-a-glance: The new Scottish cabinet,BBC
691,Forbes 'honoured' to become deputy first minister,BBC
692,"Who is John Swinney, Scotland's new first minister?",BBC
693,"Who is Kate Forbes, Scotland's new deputy first minister?",BBC
694,In pictures: SNP cabinets down the years,BBC
695,Succession star Brian Cox: 'I've lost my anonymity',BBC
696,The Scots engineer who pioneered the wind turbine,BBC
697,How did a Scottish wrestler's theme tune top the charts?,BBC
698,Mum never got over injecting son with infected blood,BBC
699,Remembering Scotland's Herring Girls,BBC
700,The Scottish beaches with the missing sand,BBC
701,Watch dramatic time lapse of Highland wildfire,BBC
702,What are the Northern Lights?,BBC
703,'Fresh leadership has just arrived' says Swinney,BBC
704,Patrick Harvie criticises Kate Forbes at FMQs,BBC
705,Swinney appoints cabinet after being sworn in as FM,BBC
706,Footage shows landslide at Shetland wind farm,BBC
707,"Who is John Swinney, Scotland's new first minister?",BBC
708,John Swinney sworn in as first minister of Scotland,BBC
709,'We live in fear our roof is going to collapse',BBC
710,Remembering the fishermen who never came home,BBC
711,Extreme wildfire warning issued after Highland blaze,BBC
712,Human remains in woods confirmed as missing man,BBC
713,Sky watchers thrilled by Northern Lights across Scotland,BBC
714,'O'Riley's Celtic impact shows Rangers what they're missing',BBC
715,Tierney set for Arsenal exit - gossip,BBC
716,Losers & legends - Fans' views on Old Firm derby,BBC
717,Sportscene,BBC
718,Glasgow's lead at top of URC cut after loss to Bulls,BBC
719,"Misleading ads risking women's health, doctors say",BBC
720,Dazzling Price wins first world title,BBC
721,Sunny spell to end as thunderstorm warning issued,BBC
722,The cold water hater embracing wild swimming,BBC
723,Elphicke accused of lobbying by former Welsh secretary,BBC
724,Women in 80s charged after Magna Carta targeted,BBC
725,Cardiff's Vulcan Hotel pub reopens at St Fagans,BBC
726,Wales gets dazzling display of Northern Lights,BBC
727,"Cool Cymru? Who, why and where",BBC
728,Drink-driver's sentence for death crash 'an insult',BBC
729,"Celebrity Wales v England football game for boy, 3",BBC
730,Tackling mental health and a sailing record attempt,BBC
731,"Business rate rise causing hurricane, say traders",BBC
732,"Bruce Springsteen made me feel special, says fan",BBC
733,Q&A: What's the plan for extra Senedd politicians?,BBC
734,I Kissed a Girl contestant on tackling taboos,BBC
735,Acclaimed photographer cracks Instagram in his 80s,BBC
736,What links Bruce Springsteen to Blaenau Gwent?,BBC
737,"How loan shark, 83, scared people into paying up",BBC
738,What can we expect from the final Gavin and Stacey?,BBC
739,Rhod Gilbert high on life after cancer treatment,BBC
740,Women told alternative treatments could risk health,BBC
741,Island fights back grey squirrel invasion,BBC
742,Family of boy killed by drink-driver 'can't grieve',BBC
743,Police investigate after speed camera cut down,BBC
744,Lucy Owen on how her mum ignored test and got cancer,BBC
745,Dazzling Price wins first world title,BBC
746,Late Lions tries send Cardiff to worst league run,BBC
747,Leinster back up to second with big win over Ospreys,BBC
748,Ingram and Carlson’s Glamorgan record stand punishes Sussex,BBC
749,Ulster boost URC play-off hopes with Scarlets win,BBC
750,Swansea to earn about £2m if Leeds win promotion,BBC
751,Apêl wedi difrod mewn mynwent yng Nghaernarfon,BBC
752,Herwgipio yn Gaza: 'Un o nosweithiau gwaetha' mywyd i',BBC
753,Lauren Price yn bencampwraig bocsio'r byd,BBC
754,Pum munud gyda... Nic Davies,BBC
755,Swydd ysgrifennydd addysg yn anodd 'gan bo fi'n newydd',BBC
756,Teyrngedau i reolwr Clwb Pêl-droed Y Felinheli,BBC
757,Rhybudd am stormydd o daranau i Gymru ddydd Sul,BBC
